{
	"__comment": "Designed by HanFox with Cubik - http://bdcraft.net",
	"parent": "minecraft:block/block",
	"textures": {
		"particle": "#texture"
	},
	"elements": [
		{
			"__comment": "Right-hand post",
			"from": [ 7, 5, 14 ],
			"to": [ 9, 16, 16 ],
			"faces": {
				"down": { "uv": [ 0, 12, 4, 16 ], "texture": "#texture" },
				"up": { "uv": [ 0, 12, 4, 16 ], "texture": "#texture", "cullface": "up" },
				"north": { "uv": [ 6.5, 0, 9.5, 16 ], "texture": "#texture" },
				"south": { "uv": [ 6.5, 0, 9.5, 16 ], "texture": "#texture" },
				"west": { "uv": [ 6.5, 0, 9.5, 16 ], "texture": "#texture" },
				"east": { "uv": [ 6.5, 0, 9.5, 16 ], "texture": "#texture", "cullface": "east" }
			}
		},
		{
			"__comment": "Left-hand post",
			"from": [ 7, 5, 0 ],
			"to": [ 9, 16, 2 ],
			"faces": {
				"down": { "uv": [ 0, 12, 4, 16 ], "texture": "#texture" },
				"up": { "uv": [ 0, 12, 4, 16 ], "texture": "#texture", "cullface": "up" },
				"north": { "uv": [ 6.5, 0, 9.5, 16 ], "texture": "#texture" },
				"south": { "uv": [ 6.5, 0, 9.5, 16 ], "texture": "#texture" },
				"west": { "uv": [ 6.5, 0, 9.5, 16 ], "texture": "#texture", "cullface": "west" },
				"east": { "uv": [ 6.5, 0, 9.5, 16 ], "texture": "#texture" }
			}
		}
	]
}
