{
	"__comment": "Designed by HanFox with Cubik - http://bdcraft.net",
	"parent": "minecraft:block/block",
	"textures": {
		"particle": "#texture"
	},
	"elements": [
		{
			"__comment": "Inner vertical post of left-hand gate door",
			"from": [ 13, 6, 14 ],
			"to": [ 15, 15, 16 ],
			"faces": {
				"down": { "uv": [ 0, 12, 4, 16 ], "texture": "#texture" },
				"up": { "uv": [ 0, 12, 4, 16 ], "texture": "#texture" },
				"north": { "uv": [ 6.5, 16, 9.5, 0 ], "texture": "#texture" },
				"south": { "uv": [ 6.5, 16, 9.5, 0 ], "texture": "#texture", "cullface": "south" },
				"west": { "uv": [ 6.5, 16, 9.5, 0 ], "texture": "#texture" },
				"east": { "uv": [ 6.5, 16, 9.5, 0 ], "texture": "#texture" }
			}
		},
		{
			"__comment": "Inner vertical post of right-hand gate door",
			"from": [ 13, 6, 0 ],
			"to": [ 15, 15, 2 ],
			"faces": {
				"down": { "uv": [ 0, 12, 4, 16 ], "texture": "#texture" },
				"up": { "uv": [ 0, 12, 4, 16 ], "texture": "#texture" },
				"north": { "uv": [ 6.5, 16, 9.5, 0 ], "texture": "#texture", "cullface": "north" },
				"south": { "uv": [ 6.5, 16, 9.5, 0 ], "texture": "#texture" },
				"west": { "uv": [ 6.5, 16, 9.5, 0 ], "texture": "#texture" },
				"east": { "uv": [ 6.5, 16, 9.5, 0 ], "texture": "#texture" }
			}
		},
		{
			"__comment": "Upper horizontal bar of left-hand gate door",
			"from": [ 9, 12, 14 ],
			"to": [ 13, 15, 16 ],
			"faces": {
				"down": { "uv": [ 4, 8, 6, 9 ], "texture": "#texture", "rotation": 270 },
				"up": { "uv": [ 4, 8, 6, 6 ], "texture": "#texture", "rotation": 90 },
				"north": { "uv": [ 0, 6, 4, 9 ], "texture": "#texture" },
				"south": { "uv": [ 0, 3, 4, 6 ], "texture": "#texture", "cullface": "south" }
			}
		},
		{
			"__comment": "Lower horizontal bar of left-hand gate door",
			"from": [ 9, 7, 14 ],
			"to": [ 13, 10, 16 ],
			"faces": {
				"down": { "uv": [ 4, 8, 6, 9 ], "texture": "#texture", "rotation": 270 },
				"up": { "uv": [ 4, 8, 6, 6 ], "texture": "#texture", "rotation": 90 },
				"north": { "uv": [ 0, 3, 4, 6 ], "texture": "#texture" },
				"south": { "uv": [ 0, 6, 4, 9 ], "texture": "#texture", "cullface": "south" }
			}
		},
		{
			"__comment": "Upper horizontal bar of right-hand gate door",
			"from": [ 9, 12, 0 ],
			"to": [ 13, 15, 2 ],
			"faces": {
				"down": { "uv": [ 4, 8, 6, 9 ], "texture": "#texture", "rotation": 270 },
				"up": { "uv": [ 4, 8, 6, 6 ], "texture": "#texture", "rotation": 90 },
				"north": { "uv": [ 0, 6, 4, 9 ], "texture": "#texture", "cullface": "north" },
				"south": { "uv": [ 0, 3, 4, 6 ], "texture": "#texture" }
			}
		},
		{
			"__comment": "Lower horizontal bar of right-hand gate door",
			"from": [ 9, 7, 0 ],
			"to": [ 13, 10, 2 ],
			"faces": {
				"down": { "uv": [ 4, 8, 6, 9 ], "texture": "#texture", "rotation": 270 },
				"up": { "uv": [ 4, 8, 6, 6 ], "texture": "#texture", "rotation": 90 },
				"north": { "uv": [ 0, 3, 4, 6 ], "texture": "#texture", "cullface": "north" },
				"south": { "uv": [ 0, 6, 4, 9 ], "texture": "#texture" }
			}
		}
	]
}
