{
"__comment": "Designed by HanFox with BDcraft Cubik PRO 0.96 Beta - http://bdcraft.net",
"parent": "block/dirt_path",
"textures": {
    "top": "block/_bdc/dirt_path_top_02"
},
"elements": [ 
{
    "from": [ 0, 0, 0 ],
    "to": [ 16, 15, 16 ],
    "faces": {
        "down":  { "uv": [ 0, 0, 16, 16 ], "texture": "#bottom", "cullface": "down" },
        "up":    { "uv": [ 0, 0, 16, 16 ], "texture": "#top" },
        "north": { "uv": [ 0, 1, 16, 16 ], "texture": "#side", "cullface": "north" },
        "south": { "uv": [ 0, 1, 16, 16 ], "texture": "#side", "cullface": "south" },
        "west":  { "uv": [ 0, 1, 16, 16 ], "texture": "#side", "cullface": "west" },
        "east":  { "uv": [ 0, 1, 16, 16 ], "texture": "#side", "cullface": "east" }
    }
}
]
}